character,code,image
Daenerys Targaryen,DAENERYS TARGARYEN,https://beam-images.warnermediacdn.com/2025-07/daenarys-1920.jpg?host=wbd-dotcom-drupal-prd-us-east-1.s3.amazonaws.com&w=320
Tyrion Lannister,TYRION LANNISTER,https://beam-images.warnermediacdn.com/2025-07/tyrion-lannister-1920.jpg?host=wbd-dotcom-drupal-prd-us-east-1.s3.amazonaws.com&w=320
Jon Snow,JON SNOW,https://beam-images.warnermediacdn.com/2025-07/john-snow-1920.jpg?host=wbd-dotcom-drupal-prd-us-east-1.s3.amazonaws.com&w=320
Jaime Lannister,JAIME LANNISTER,https://beam-images.warnermediacdn.com/2025-07/jamie-lannister-1920.jpg?host=wbd-dotcom-drupal-prd-us-east-1.s3.amazonaws.com&w=320
Cersei Lannister,CERSEI LANNISTER,https://beam-images.warnermediacdn.com/2025-07/cersei-lannister-1920.jpg?host=wbd-dotcom-drupal-prd-us-east-1.s3.amazonaws.com&w=320
Robb Stark,ROBB STARK,https://beam-images.warnermediacdn.com/2025-07/robert-stark-1920.jpg?host=wbd-dotcom-drupal-prd-us-east-1.s3.amazonaws.com&w=320
Sansa Stark,SANSA STARK,https://beam-images.warnermediacdn.com/2025-07/sansa-stark-1920.jpg?host=wbd-dotcom-drupal-prd-us-east-1.s3.amazonaws.com&w=320
Arya Stark,ARYA STARK,https://beam-images.warnermediacdn.com/2025-07/arya-stark-1920.jpg?host=wbd-dotcom-drupal-prd-us-east-1.s3.amazonaws.com&w=320
"Sandor Clegane (""The Hound"")",SANDOR CLEGANE,https://beam-images.warnermediacdn.com/2025-07/sandor-clegane-1920.jpg?host=wbd-dotcom-drupal-prd-us-east-1.s3.amazonaws.com&w=320
Brienne of Tarth,BRIENNE OF TARTH,https://beam-images.warnermediacdn.com/2025-07/brienne-of-tarth-1920.jpg?host=wbd-dotcom-drupal-prd-us-east-1.s3.amazonaws.com&w=320
Jaqen H'ghar,JAQEN H'GHAR,https://beam-images.warnermediacdn.com/2025-07/jaqen-hghar-1920.jpg?host=wbd-dotcom-drupal-prd-us-east-1.s3.amazonaws.com&w=320
Trystane Martell,TRYSTANE MARTELL,https://beam-images.warnermediacdn.com/2025-07/trystane-martell-1920.jpg?host=wbd-dotcom-drupal-prd-us-east-1.s3.amazonaws.com&w=320
Septa Mordane,SEPTA MORDANE,https://beam-images.warnermediacdn.com/2025-07/septa-mordane-1920.jpg?host=wbd-dotcom-drupal-prd-us-east-1.s3.amazonaws.com&w=320
Stannis Baratheon,STANNIS BARATHEON,https://beam-images.warnermediacdn.com/2025-07/stannis-1920.jpg?host=wbd-dotcom-drupal-prd-us-east-1.s3.amazonaws.com&w=320
High Priestess,HIGH PRIESTESS,https://beam-images.warnermediacdn.com/2025-07/high-priestess-1920.jpg?host=wbd-dotcom-drupal-prd-us-east-1.s3.amazonaws.com&w=320
Shae,SHAE,https://beam-images.warnermediacdn.com/2025-07/shae-1920.jpg?host=wbd-dotcom-drupal-prd-us-east-1.s3.amazonaws.com&w=320
Eddard 'Ned' Stark,EDDARD STARK,https://beam-images.warnermediacdn.com/2025-07/eddard-ned-stark-1920.jpg?host=wbd-dotcom-drupal-prd-us-east-1.s3.amazonaws.com&w=320
Ygritte,YGRITTE,https://beam-images.warnermediacdn.com/2025-07/ygritte-1920.jpg?host=wbd-dotcom-drupal-prd-us-east-1.s3.amazonaws.com&w=320
Tyene Sand,TYENE SAND,https://beam-images.warnermediacdn.com/2025-07/tyene-sand-1920.jpg?host=wbd-dotcom-drupal-prd-us-east-1.s3.amazonaws.com&w=320
Rodrik Cassel,RODRIK CASSEL,https://beam-images.warnermediacdn.com/2025-07/ser-rodrik-cassel-1920.jpg?host=wbd-dotcom-drupal-prd-us-east-1.s3.amazonaws.com&w=320
Illyrio,ILLYRIO,https://beam-images.warnermediacdn.com/2025-07/magister-illyrio-1920.jpg?host=wbd-dotcom-drupal-prd-us-east-1.s3.amazonaws.com&w=320
Izembaro,IZEMBARO,https://beam-images.warnermediacdn.com/2025-07/izembaro-1920.jpg?host=wbd-dotcom-drupal-prd-us-east-1.s3.amazonaws.com&w=320
Beric Dondarrion,BERIC DONDARRION,https://beam-images.warnermediacdn.com/2025-07/beric-dondarron-1920.jpg?host=wbd-dotcom-drupal-prd-us-east-1.s3.amazonaws.com&w=320
Euron Greyjoy,EURON GREYJOY,https://beam-images.warnermediacdn.com/2025-07/euron-greyjoy-1920.jpg?host=wbd-dotcom-drupal-prd-us-east-1.s3.amazonaws.com&w=320
Maester Aemon,MAESTER AEMON,https://beam-images.warnermediacdn.com/2025-07/aemon-targaryen-1920.jpg?host=wbd-dotcom-drupal-prd-us-east-1.s3.amazonaws.com&w=320
Oberyn Martell,OBERYN MARTELL,https://beam-images.warnermediacdn.com/2025-07/oberyn-1920.jpg?host=wbd-dotcom-drupal-prd-us-east-1.s3.amazonaws.com&w=320
Thoros of Myr,THOROS OF MYR,https://beam-images.warnermediacdn.com/2025-07/thoros-1920.jpg?host=wbd-dotcom-drupal-prd-us-east-1.s3.amazonaws.com&w=320
Balon Greyjoy,BALON GREYJOY,https://beam-images.warnermediacdn.com/2025-07/balon-greyjoy-1920.jpg?host=wbd-dotcom-drupal-prd-us-east-1.s3.amazonaws.com&w=320
Alliser Thorne,ALLISER THORNE,https://beam-images.warnermediacdn.com/2025-07/allister-thorne-1920.jpg?host=wbd-dotcom-drupal-prd-us-east-1.s3.amazonaws.com&w=320
Talisa Stark,TALISA STARK,https://beam-images.warnermediacdn.com/2025-07/talisa-stark-1920.jpg?host=wbd-dotcom-drupal-prd-us-east-1.s3.amazonaws.com&w=320
Myrcella Baratheon,MYRCELLA BARATHEON,https://beam-images.warnermediacdn.com/2025-07/myrcella-baratheon-1920.jpg?host=wbd-dotcom-drupal-prd-us-east-1.s3.amazonaws.com&w=320
Margaery Tyrell,MARGAERY TYRELL,https://beam-images.warnermediacdn.com/2025-07/margarey-tyrell-1920.jpg?host=wbd-dotcom-drupal-prd-us-east-1.s3.amazonaws.com&w=320
Osha,OSHA,https://beam-images.warnermediacdn.com/2025-07/osha-1920.jpg?host=wbd-dotcom-drupal-prd-us-east-1.s3.amazonaws.com&w=320
Syrio Forel,SYRIO FOREL,https://beam-images.warnermediacdn.com/2025-07/syrio-forel-1920.jpg?host=wbd-dotcom-drupal-prd-us-east-1.s3.amazonaws.com&w=320
Daario Naharis,DAARIO NAHARIS,https://beam-images.warnermediacdn.com/2025-07/daario-naharis-1920.jpg?host=wbd-dotcom-drupal-prd-us-east-1.s3.amazonaws.com&w=320
Catelyn Stark,CATELYN STARK,https://beam-images.warnermediacdn.com/2025-07/catelyn-stark-1920.jpg?host=wbd-dotcom-drupal-prd-us-east-1.s3.amazonaws.com&w=320
Roose Bolton,ROOSE BOLTON,https://beam-images.warnermediacdn.com/2025-07/roose-bolton-1920.jpg?host=wbd-dotcom-drupal-prd-us-east-1.s3.amazonaws.com&w=320
Mirri Maz Duur,MIRRI MAZ DUUR,https://beam-images.warnermediacdn.com/2025-07/mirri-maz-duur-1920.jpg?host=wbd-dotcom-drupal-prd-us-east-1.s3.amazonaws.com&w=320
Grenn,GRENN,https://beam-images.warnermediacdn.com/2025-07/grenn-1920.jpg?host=wbd-dotcom-drupal-prd-us-east-1.s3.amazonaws.com&w=320
Robert Baratheon,ROBERT BARATHEON,https://beam-images.warnermediacdn.com/2025-07/robert-baratheon-1920.jpg?host=wbd-dotcom-drupal-prd-us-east-1.s3.amazonaws.com&w=320
Orell,ORELL,https://beam-images.warnermediacdn.com/2025-07/orell-1920.jpg?host=wbd-dotcom-drupal-prd-us-east-1.s3.amazonaws.com&w=320
Robin Arryn,ROBIN ARRYN,https://beam-images.warnermediacdn.com/2025-07/robyn-arryn-1920.jpg?host=wbd-dotcom-drupal-prd-us-east-1.s3.amazonaws.com&w=320
Davos Seaworth,DAVOS SEAWORTH,https://beam-images.warnermediacdn.com/2025-07/davos-seaworth-1920.jpg?host=wbd-dotcom-drupal-prd-us-east-1.s3.amazonaws.com&w=320
Tormund,TORMUND,https://beam-images.warnermediacdn.com/2025-07/tormund-1920.jpg?host=wbd-dotcom-drupal-prd-us-east-1.s3.amazonaws.com&w=320
Hodor,HODOR,https://beam-images.warnermediacdn.com/2025-07/hodor-1920.jpg?host=wbd-dotcom-drupal-prd-us-east-1.s3.amazonaws.com&w=320
Obara Sand,OBARA SAND,https://beam-images.warnermediacdn.com/2025-07/obera-sand-1920.jpg?host=wbd-dotcom-drupal-prd-us-east-1.s3.amazonaws.com&w=320
Lysa Arryn,LYSA ARRYN,https://beam-images.warnermediacdn.com/2025-07/lysa-arryn-1920.jpg?host=wbd-dotcom-drupal-prd-us-east-1.s3.amazonaws.com&w=320
Grand Maester Pycelle,GRAND MAESTER PYCELLE,https://beam-images.warnermediacdn.com/2025-07/maester-pycelle-1920.jpg?host=wbd-dotcom-drupal-prd-us-east-1.s3.amazonaws.com&w=320
Benjen Stark,BENJEN STARK,https://beam-images.warnermediacdn.com/2025-07/benjen-stark-1920.jpg?host=wbd-dotcom-drupal-prd-us-east-1.s3.amazonaws.com&w=320
Pyp,PYP,https://beam-images.warnermediacdn.com/2025-07/pyp-1920.jpg?host=wbd-dotcom-drupal-prd-us-east-1.s3.amazonaws.com&w=320
High Sparrow,HIGH SPARROW,https://beam-images.warnermediacdn.com/2025-07/high-sparrow-1920.jpg?host=wbd-dotcom-drupal-prd-us-east-1.s3.amazonaws.com&w=320
Rickard Karstark,RICKARD KARSTARK,https://beam-images.warnermediacdn.com/2025-07/karstark-1920.jpg?host=wbd-dotcom-drupal-prd-us-east-1.s3.amazonaws.com&w=320
Khal Moro,KHAL MORO,https://beam-images.warnermediacdn.com/2025-07/khal-moro-1920.jpg?host=wbd-dotcom-drupal-prd-us-east-1.s3.amazonaws.com&w=320
Gendry,GENDRY,https://beam-images.warnermediacdn.com/2025-07/gendry-1920.jpg?host=wbd-dotcom-drupal-prd-us-east-1.s3.amazonaws.com&w=320
Archmaester Ebrose,ARCHMAESTER EBROSE,https://beam-images.warnermediacdn.com/2025-07/archmaester-ebrose-1920.jpg?host=wbd-dotcom-drupal-prd-us-east-1.s3.amazonaws.com&w=320
Nym Sand,NYM SAND,https://beam-images.warnermediacdn.com/2025-07/nymeria-sand-1920.jpg?host=wbd-dotcom-drupal-prd-us-east-1.s3.amazonaws.com&w=320
Bronn,BRONN,https://beam-images.warnermediacdn.com/2025-07/bronn-1920.jpg?host=wbd-dotcom-drupal-prd-us-east-1.s3.amazonaws.com&w=320
Jory Cassel,JORY CASSEL,https://beam-images.warnermediacdn.com/2025-07/jory-cassel-1920.jpg?host=wbd-dotcom-drupal-prd-us-east-1.s3.amazonaws.com&w=320
Randyll Tarly,RANDYLL TARLY,https://beam-images.warnermediacdn.com/2025-07/randyll-tarly-1920.jpg?host=wbd-dotcom-drupal-prd-us-east-1.s3.amazonaws.com&w=320
Jeor Mormont,JEOR MORMONT,https://beam-images.warnermediacdn.com/2025-07/jeor-mormont-1920.jpg?host=wbd-dotcom-drupal-prd-us-east-1.s3.amazonaws.com&w=320
Grey Worm,GREY WORM,https://beam-images.warnermediacdn.com/2025-07/grey-worm-1920.jpg?host=wbd-dotcom-drupal-prd-us-east-1.s3.amazonaws.com&w=320
Joffrey Baratheon,JOFFREY BARATHEON,https://beam-images.warnermediacdn.com/2025-07/joffrey-baratheon-1920.jpg?host=wbd-dotcom-drupal-prd-us-east-1.s3.amazonaws.com&w=320
Ramsay Snow,RAMSAY SNOW,https://beam-images.warnermediacdn.com/2025-07/ramsay-1920.jpg?host=wbd-dotcom-drupal-prd-us-east-1.s3.amazonaws.com&w=320
Bran Stark,BRAN STARK,https://beam-images.warnermediacdn.com/2025-07/bran-stark-1920.jpg?host=wbd-dotcom-drupal-prd-us-east-1.s3.amazonaws.com&w=320
Ellaria Sand,ELLARIA SAND,https://beam-images.warnermediacdn.com/2025-07/ellaria-sand-1920.jpg?host=wbd-dotcom-drupal-prd-us-east-1.s3.amazonaws.com&w=320
Brother Ray,BROTHER RAY,https://beam-images.warnermediacdn.com/2025-07/brother-ray-1920.jpg?host=wbd-dotcom-drupal-prd-us-east-1.s3.amazonaws.com&w=320
Barristan Selmy,BARRISTAN SELMY,https://beam-images.warnermediacdn.com/2025-07/barristan-selmy-1920.jpg?host=wbd-dotcom-drupal-prd-us-east-1.s3.amazonaws.com&w=320
Jorah Mormont,JORAH MORMONT,https://beam-images.warnermediacdn.com/2025-07/jorah-mormont-1920.jpg?host=wbd-dotcom-drupal-prd-us-east-1.s3.amazonaws.com&w=320
Viserys Targaryen,VISERYS TARGARYEN,https://beam-images.warnermediacdn.com/2025-07/viserys-targaryen-1920.jpg?host=wbd-dotcom-drupal-prd-us-east-1.s3.amazonaws.com&w=320
Gilly,GILLY,https://beam-images.warnermediacdn.com/2025-07/gilly-1920.jpg?host=wbd-dotcom-drupal-prd-us-east-1.s3.amazonaws.com&w=320
Renly Baratheon,RENLY BARATHEON,https://beam-images.warnermediacdn.com/2025-07/renly-baratheon-1920.jpg?host=wbd-dotcom-drupal-prd-us-east-1.s3.amazonaws.com&w=320
Yara Greyjoy,YARA GREYJOY,https://beam-images.warnermediacdn.com/2025-07/yara-greyjoy-1920.jpg?host=wbd-dotcom-drupal-prd-us-east-1.s3.amazonaws.com&w=320
Dickon Tarly,DICKON TARLY,https://beam-images.warnermediacdn.com/2025-07/dickon-tarly-1920.jpg?host=wbd-dotcom-drupal-prd-us-east-1.s3.amazonaws.com&w=320
Loras Tyrell,LORAS TYRELL,https://beam-images.warnermediacdn.com/2025-07/loras-tyrell-1920.jpg?host=wbd-dotcom-drupal-prd-us-east-1.s3.amazonaws.com&w=320
Lancel Lannister,LANCEL LANNISTER,https://beam-images.warnermediacdn.com/2025-07/lancel-lannister-1920.jpg?host=wbd-dotcom-drupal-prd-us-east-1.s3.amazonaws.com&w=320
Lady Crane,LADY CRANE,https://beam-images.warnermediacdn.com/2025-07/lady-crane-1920.jpg?host=wbd-dotcom-drupal-prd-us-east-1.s3.amazonaws.com&w=320
Ros,ROS,https://beam-images.warnermediacdn.com/2025-07/ros-1920.jpg?host=wbd-dotcom-drupal-prd-us-east-1.s3.amazonaws.com&w=320
Marillion,MARILLION,https://beam-images.warnermediacdn.com/2025-07/marillion-1920.jpg?host=wbd-dotcom-drupal-prd-us-east-1.s3.amazonaws.com&w=320
Rattleshirt,RATTLESHIRT,https://beam-images.warnermediacdn.com/2025-07/rattleshirt-1920.jpg?host=wbd-dotcom-drupal-prd-us-east-1.s3.amazonaws.com&w=320
Maester Luwin,MAESTER LUWIN,https://beam-images.warnermediacdn.com/2025-07/maester-luwin-1920.jpg?host=wbd-dotcom-drupal-prd-us-east-1.s3.amazonaws.com&w=320
Janos Slynt,JANOS SLYNT,https://beam-images.warnermediacdn.com/2025-07/janos-slynt-1920.jpg?host=wbd-dotcom-drupal-prd-us-east-1.s3.amazonaws.com&w=320
Olenna Tyrell,OLENNA TYRELL,https://beam-images.warnermediacdn.com/2025-07/olenna-tyrell-1920.jpg?host=wbd-dotcom-drupal-prd-us-east-1.s3.amazonaws.com&w=320
Tommen Baratheon,TOMMEN BARATHEON,https://beam-images.warnermediacdn.com/2025-07/tommon-baratheon-1920.jpg?host=wbd-dotcom-drupal-prd-us-east-1.s3.amazonaws.com&w=320
Podrick Payne,PODRICK PAYNE,https://beam-images.warnermediacdn.com/2025-07/podrick-payne-1920.jpg?host=wbd-dotcom-drupal-prd-us-east-1.s3.amazonaws.com&w=320
Varys,VARYS,https://beam-images.warnermediacdn.com/2025-07/maetser-varys-1920.jpg?host=wbd-dotcom-drupal-prd-us-east-1.s3.amazonaws.com&w=320
"Brynden Tully (""The Blackfish"")",BRYNDEN TULLY,https://beam-images.warnermediacdn.com/2025-07/blackfish-tully-1920.jpg?host=wbd-dotcom-drupal-prd-us-east-1.s3.amazonaws.com&w=320
Mance Rayder,MANCE RAYDER,https://beam-images.warnermediacdn.com/2025-07/mance-rayder-1920.jpg?host=wbd-dotcom-drupal-prd-us-east-1.s3.amazonaws.com&w=320
Tywin Lannister,TYWIN LANNISTER,https://beam-images.warnermediacdn.com/2025-07/tywin-lannister-1920.jpg?host=wbd-dotcom-drupal-prd-us-east-1.s3.amazonaws.com&w=320
Melisandre,MELISANDRE,https://beam-images.warnermediacdn.com/2025-07/melisandre-1920.jpg?host=wbd-dotcom-drupal-prd-us-east-1.s3.amazonaws.com&w=320
Rickon Stark,RICKON STARK,https://beam-images.warnermediacdn.com/2025-07/rickon-stark-1920.jpg?host=wbd-dotcom-drupal-prd-us-east-1.s3.amazonaws.com&w=320
Irri,IRRI,https://beam-images.warnermediacdn.com/2025-07/irri-1920.jpg?host=wbd-dotcom-drupal-prd-us-east-1.s3.amazonaws.com&w=320
Theon Greyjoy,THEON GREYJOY,https://beam-images.warnermediacdn.com/2025-07/theon-greyjoy-1920.jpg?host=wbd-dotcom-drupal-prd-us-east-1.s3.amazonaws.com&w=320
Doran Martell,DORAN MARTELL,https://beam-images.warnermediacdn.com/2025-07/doran-martell-1920.jpg?host=wbd-dotcom-drupal-prd-us-east-1.s3.amazonaws.com&w=320
"Petyr Baelish (""Littlefinger"")",PETYR BAELISH,https://beam-images.warnermediacdn.com/2025-07/petyr-baelish-1920.jpg?host=wbd-dotcom-drupal-prd-us-east-1.s3.amazonaws.com&w=320
Missandei,MISSANDEI,https://beam-images.warnermediacdn.com/2025-07/missandei-1920.jpg?host=wbd-dotcom-drupal-prd-us-east-1.s3.amazonaws.com&w=320
Khal Drogo,KHAL DROGO,https://beam-images.warnermediacdn.com/2025-07/khal-drogo-1920.jpg?host=wbd-dotcom-drupal-prd-us-east-1.s3.amazonaws.com&w=320
Samwell Tarly,SAMWELL TARLY,https://beam-images.warnermediacdn.com/2025-07/samwell-1920.jpg?host=wbd-dotcom-drupal-prd-us-east-1.s3.amazonaws.com&w=320
